<dict><file md5="41772314565c80e8fe497623d223edcb">setting/itemdropgroup.txt</file><file md5="931e31d36b1f9e58fac695a1e5123c21">setting/newbieguide.txt</file><file md5="06ef8cf424e8f5b9452b46d242cf4790">setting/skilleffect.txt</file><file md5="fda9ec65e44f1798220d9913e3b91c9c">setting/recbysoul.txt</file><file md5="b49ff6ec4e948a6c78211b6ee25241a4">setting/formationtactics.txt</file><file md5="3ff771f7753e35e9a6d5727e912a3d5b">setting/equip_break_chain.txt</file><file md5="5b3ef95966b0d49a22c7600ab00cd796">setting/arenaCupLevel.txt</file><file md5="d6ecf4d001fc391e6ab7a69a7bbbf69d">setting/conquestrankreward.txt</file><file md5="07bf0ce0e1f5a14ce88a9f6ed6abdb51">setting/tips.txt</file><file md5="16bcebeac4c5ab2a66ddf66ca9a7068a">setting/soldieredu.txt</file><file md5="0fb9fc52cf664de1441c2b0c7bc8047b">setting/skill.txt</file><file md5="051c99476a6d0e17c8b75a654079f5f1">setting/newchallenge.txt</file><file md5="e5d1663036b3fcc82a179d6f65de5fca">setting/battleDialogSteps.txt</file><file md5="f89a31de67d00db36817e5e92d329aa7">setting/soldierstandard.txt</file><file md5="1c7f1c4679ede59cf7783a13579f6cc8">setting/activity_firstpay.txt</file><file md5="713130a0a3b086602aefafd0b8252301">setting/activity_openserver.txt</file><file md5="125efe142d4e1cf256e21f70766e5db5">setting/technology.txt</file><file md5="bf2242ebfe57bf7976faaa6521472bf6">setting/maptrack.txt</file><file md5="51cf0157ca09309cf73d411016927356">setting/item_equip.txt</file><file md5="3ed57c6065cb05dcedf4a1b04fa67ef9">setting/plantequip_addtime.txt</file><file md5="5b62ac5b5e9fb1e965807c11ebbdb2d3">setting/activity_new7day.txt</file><file md5="93d57f6f67a478d368cff1f9081c321c">setting/newBEAT.txt</file><file md5="98005a20ba4a02a6227b5e4aac5187c6">setting/newBEATreawards.txt</file><file md5="3dc82d8235936acff597ad4862e61b5a">setting/levyCoin.txt</file><file md5="3b1b8ceed919eb32ab329cde9e394eb3">setting/resourcebattle.txt</file><file md5="61a47a22fce272b92909099eff7741e1">setting/travel_dialog.txt</file><file md5="1879408818ae9804937874c3f8310e80">setting/vipDetail.txt</file><file md5="85a24d3a7c6b7bbf1942367ae6f32bb4">setting/task.txt</file><file md5="285615462c386ab36f35939603e5f432">setting/dynshopfreshtime.txt</file><file md5="014f55e0ab343aa79dc37d6e4a11d526">setting/expbook_eat_cost.txt</file><file md5="49cb1729b7570ce645bc386425f61d32">setting/monstersoldierdata.txt</file><file md5="324282cc62f6673819fb0cf8b6d7f36e">setting/tutorialSteps.txt</file><file md5="25d82b1f46d8d282520846118bc81f07">setting/travel_event.txt</file><file md5="2dcc11152416486c10260a82a62aef06">setting/plantequip_base.txt</file><file md5="9654e4281485240f753a96ae83595e7a">setting/floorgroup.txt</file><file md5="e93d488ad5c258ad604f5a61bab13e65">setting/map.txt</file><file md5="808012d01e916ec926ee94ba9966f341">setting/levy.txt</file><file md5="cb00d3212fb489f7cee55662916bfe83">setting/funAvaliabel.txt</file><file md5="9f5c661d51d1b4564aa034544b98aa70">setting/soldierdata.txt</file><file md5="18467c35a21c52c0b698c9210322f3d6">setting/tutorialDatas.txt</file><file md5="aaa835f96e07341695247fd948f66dbc">setting/config.txt</file><file md5="774bb64b9bb01964dcfe14f0ab301b08">setting/activity.txt</file><file md5="a5319e17490be7a128eeee737dd1539e">setting/soldierrefine.txt</file><file md5="b72774eb8824489d97deaa9378513df7">setting/exp.txt</file><file md5="90eaaef050ae3867bceb1aba1aeea713">setting/palace.txt</file><file md5="f4790ff735639b3501e08ca400bb6910">setting/fromation.txt</file><file md5="92ff53a1f57181db2f140c4528742bfa">setting/vow.txt</file><file md5="21e7c3da8770ce57ebc9db61e2482469">setting/resourceparam.txt</file><file md5="6e23be1ea17f84cab22b208d1d3d8c18">setting/soldieredu_chance.txt</file><file md5="5091712fb6e10f9c11da3d4e9eb67edf">setting/mood.txt</file><file md5="4af35a9af54a5c8f354a86296c497ebb">setting/autogrow.txt</file><file md5="4fd78dc2db6fb55df1f7286a57080b70">setting/convert.txt</file><file md5="9866a2c503dba42df5851bc717aeb2c0">setting/playerlevel.txt</file><file md5="5ebb5ecf2f4018580118b88065318388">setting/monthsignin.txt</file><file md5="f7005987595be5706f21093f1aaad643">setting/openformation.txt</file><file md5="2060b9c169e690018508a9a29b45d417">setting/unlock_function.txt</file><file md5="864ef7a1357d32322122f8daa1ab5499">setting/vip.txt</file><file md5="11c8b8f2c39d809b9368801409d31ad5">setting/tacticsShow.txt</file><file md5="61a3e3386d06d51de03c0c9f1c60c6dc">setting/soldierlevel.txt</file><file md5="25058636f924d99cb63869a78f6b4da3">setting/emigrated.txt</file><file md5="eeb325cca4e1f8d879d7e543fa2c2a5f">setting/resourceyield.txt</file><file md5="87106b47b60a4c483ebfc1c56ad8ba03">setting/reset_cost.txt</file><file md5="66d6925ccbfb8427ff13ec42e709cbc3">setting/BattleSkill.xml</file><file md5="04026daefd2f86e074578dda6595c586">setting/battleDialog.txt</file><file md5="943f3e27ef19148ec8c044f27671d845">setting/arenaplacereward.txt</file><file md5="c6fdb6f144cda1ff236e685d6e7b98f1">setting/event.txt</file><file md5="9a82f522683b1ee28ee2a04e5f9357c6">setting/activity_vip.txt</file><file md5="0d02853aec2fb9dbd5cdf995045f5985">setting/monster.txt</file><file md5="ad75a573d834beaa000d8e7d6287dcdf">setting/fromationlimit.txt</file><file md5="15f8f303433e4c56e61e61e9a5a77dc1">setting/activity_growup.txt</file><file md5="f7aec1cd21bc20a9639940959f328f83">setting/item_material.txt</file><file md5="85809248fb045efd82c3021425bb4277">setting/floor.txt</file><file md5="01ad61c7a2712e4570df6dc2e2e289bb">setting/status.txt</file><file md5="340abc94141a61a062a25535c0f08d12">script/LuaArenaManager.lua</file></dict>