<dict><file md5="16cb21d913712627a4278c46218bf322">setting/itemdropgroup.txt</file><file md5="a0be76053974c7b964b405d0871de8df">setting/newbieguide.txt</file><file md5="06ef8cf424e8f5b9452b46d242cf4790">setting/skilleffect.txt</file><file md5="fda9ec65e44f1798220d9913e3b91c9c">setting/recbysoul.txt</file><file md5="b49ff6ec4e948a6c78211b6ee25241a4">setting/formationtactics.txt</file><file md5="decb9fb322fee8755eb2219ae9b08b46">setting/equip_break_chain.txt</file><file md5="5b3ef95966b0d49a22c7600ab00cd796">setting/arenaCupLevel.txt</file><file md5="d6ecf4d001fc391e6ab7a69a7bbbf69d">setting/conquestrankreward.txt</file><file md5="07bf0ce0e1f5a14ce88a9f6ed6abdb51">setting/tips.txt</file><file md5="16bcebeac4c5ab2a66ddf66ca9a7068a">setting/soldieredu.txt</file><file md5="58bfc7a792e4b48ca118345afb5bcb1f">setting/skill.txt</file><file md5="051c99476a6d0e17c8b75a654079f5f1">setting/newchallenge.txt</file><file md5="e5d1663036b3fcc82a179d6f65de5fca">setting/battleDialogSteps.txt</file><file md5="f89a31de67d00db36817e5e92d329aa7">setting/soldierstandard.txt</file><file md5="1c7f1c4679ede59cf7783a13579f6cc8">setting/activity_firstpay.txt</file><file md5="122fbbfae39f948885315a8ef3178072">setting/activity_openserver.txt</file><file md5="125efe142d4e1cf256e21f70766e5db5">setting/technology.txt</file><file md5="bf2242ebfe57bf7976faaa6521472bf6">setting/maptrack.txt</file><file md5="ca3db2af23a5388698ef7f62e5cf70f0">setting/item_equip.txt</file><file md5="3ed57c6065cb05dcedf4a1b04fa67ef9">setting/plantequip_addtime.txt</file><file md5="5b62ac5b5e9fb1e965807c11ebbdb2d3">setting/activity_new7day.txt</file><file md5="93d57f6f67a478d368cff1f9081c321c">setting/newBEAT.txt</file><file md5="b0dadcb5039854b26665ab477591ff58">setting/newBEATreawards.txt</file><file md5="3dc82d8235936acff597ad4862e61b5a">setting/levyCoin.txt</file><file md5="3b1b8ceed919eb32ab329cde9e394eb3">setting/resourcebattle.txt</file><file md5="61a47a22fce272b92909099eff7741e1">setting/travel_dialog.txt</file><file md5="9bfe21f7c3f37a47eda7220f36fc1bfb">setting/vipDetail.txt</file><file md5="7b52672b033ac36ec310724eccc29960">setting/task.txt</file><file md5="285615462c386ab36f35939603e5f432">setting/dynshopfreshtime.txt</file><file md5="014f55e0ab343aa79dc37d6e4a11d526">setting/expbook_eat_cost.txt</file><file md5="ed38ece69123747000940edec22bbbf7">setting/monstersoldierdata.txt</file><file md5="fa129e6a8836f985420b05d02d5d6a9f">setting/tutorialSteps.txt</file><file md5="25d82b1f46d8d282520846118bc81f07">setting/travel_event.txt</file><file md5="2dcc11152416486c10260a82a62aef06">setting/plantequip_base.txt</file><file md5="9654e4281485240f753a96ae83595e7a">setting/floorgroup.txt</file><file md5="2946a05da20272388a5ee0e7a40ec345">setting/map.txt</file><file md5="808012d01e916ec926ee94ba9966f341">setting/levy.txt</file><file md5="cb00d3212fb489f7cee55662916bfe83">setting/funAvaliabel.txt</file><file md5="6126238bda131aa8b0bf9c3ccc7b194b">setting/soldierdata.txt</file><file md5="8487eacd09e9b974d9cdeea4cb0ed5ca">setting/tutorialDatas.txt</file><file md5="4b003f72f1f3cb4866e8ac9de653affe">setting/config.txt</file><file md5="001eacf770f941658137be111a4b21c0">setting/activity.txt</file><file md5="a5319e17490be7a128eeee737dd1539e">setting/soldierrefine.txt</file><file md5="b72774eb8824489d97deaa9378513df7">setting/exp.txt</file><file md5="90eaaef050ae3867bceb1aba1aeea713">setting/palace.txt</file><file md5="f4790ff735639b3501e08ca400bb6910">setting/fromation.txt</file><file md5="7f06015535cb756f7dde704f47d4e288">setting/vow.txt</file><file md5="21e7c3da8770ce57ebc9db61e2482469">setting/resourceparam.txt</file><file md5="6e23be1ea17f84cab22b208d1d3d8c18">setting/soldieredu_chance.txt</file><file md5="5091712fb6e10f9c11da3d4e9eb67edf">setting/mood.txt</file><file md5="4af35a9af54a5c8f354a86296c497ebb">setting/autogrow.txt</file><file md5="422f371598d1f7f2d5f2381ca8be3077">setting/convert.txt</file><file md5="9866a2c503dba42df5851bc717aeb2c0">setting/playerlevel.txt</file><file md5="5ebb5ecf2f4018580118b88065318388">setting/monthsignin.txt</file><file md5="f7005987595be5706f21093f1aaad643">setting/openformation.txt</file><file md5="2060b9c169e690018508a9a29b45d417">setting/unlock_function.txt</file><file md5="075edc829037c9b23e67392cbda95b19">setting/vip.txt</file><file md5="11c8b8f2c39d809b9368801409d31ad5">setting/tacticsShow.txt</file><file md5="61a3e3386d06d51de03c0c9f1c60c6dc">setting/soldierlevel.txt</file><file md5="25058636f924d99cb63869a78f6b4da3">setting/emigrated.txt</file><file md5="eeb325cca4e1f8d879d7e543fa2c2a5f">setting/resourceyield.txt</file><file md5="d89d43d1b910c16d0090cc77c339a628">setting/reset_cost.txt</file><file md5="66d6925ccbfb8427ff13ec42e709cbc3">setting/BattleSkill.xml</file><file md5="04026daefd2f86e074578dda6595c586">setting/battleDialog.txt</file><file md5="943f3e27ef19148ec8c044f27671d845">setting/arenaplacereward.txt</file><file md5="c6fdb6f144cda1ff236e685d6e7b98f1">setting/event.txt</file><file md5="7a4772a7627a9b7ee236976473ac19e1">setting/activity_vip.txt</file><file md5="0d02853aec2fb9dbd5cdf995045f5985">setting/monster.txt</file><file md5="ad75a573d834beaa000d8e7d6287dcdf">setting/fromationlimit.txt</file><file md5="62cfd23c79dbbf2a921d3a0d472f1ab8">setting/activity_growup.txt</file><file md5="86da9adcbca991b90c80f432b63f7e1d">setting/item_material.txt</file><file md5="85809248fb045efd82c3021425bb4277">setting/floor.txt</file><file md5="75b09ee0129afc0cd19d7fd4820ca9d5">setting/status.txt</file><file md5="aa6f59f66a409645426a7718653d5a26">setting/activity_totalpay.txt</file><file md5="86a98d0735a270850d929cdd503634c1">setting/activity_totalspend.txt</file><file md5="9fefb516dd51476abd5c05263f5b3fe3">setting/activity_vip1.txt</file></dict>